{
    "accuracy": 0.9971530302016666,
    "precision": 0.9973632583872503,
    "recall": 0.9971530302016666,
    "f1_score": 0.9971129802167746,
    "mcc": 0.99707594112368,
    "cv_mean": 0.997096339556593,
    "cv_std": 8.75676820386182e-05
}