{
    "accuracy": 0.99664,
    "precision": 0.9969242335490213,
    "recall": 0.99664,
    "f1_score": 0.9965780123022875,
    "mcc": 0.9965512083140448,
    "cv_mean": 0.9965550004248298,
    "cv_std": 7.380440410227363e-05
}